State	$	import	.	;	id	comma	=	static	(	)	void	...	{	}	struct	union	typedef	[	]	INTEGER	*	-=	signed	unsigned	char	if	else	while	do	for	break	goto	continue	return	:	case	defult	switch	?	||	&&	==	!=	<	>	<=	>=	<<	>>	+	-	/	%	++	--	SIZEOF	!	~	&	->	CHARACTOR	STRING	FLOAT	+=	*=	/=	%=	const	bool	float	double	long	short	int	extern	programe	import_staments	import_stament	NAME	name	top_decls	top_decl	defvars	other_vars	other_var	initial_expr	storage	defun	params	fixed_params	param	kwargs	block	block_componets	defstruct	defunion	member_list	slots	TYPEDEF	type	type_postfix	param_typerefs	fixed_param_ref	opassign_op	primary_type	stmts	stmt	if_stmt	while_stmt	dowhile_stmt	for_stmt	optional_for_expr	break_stmt	goto_stmt	continue_stmt	return_stmt	label_stmt	switch_stmt	label_stmts	expr	conditional_expr	logical_or_expr	logical_and_expr	equality_expr	relational_expr	shift_expr	additive_expr	multiplicative_expr	term	unary_expr	unary_operator	postfix_expr	primary_expr	CONSTANT	defconst	args	int_type	block_componet	forIniitialer	optional_for_exprs	expr_list	typeName	fun_decl	param_decl	var_decl	other_var_decls	other_var_decl	
0	r2	r2			r2			r2			r2				r2	r2	r2						r2	r2	r2																																											r2	r2	r2	r2	r2	r2	r2	r2	2	1																																																																							
1	r8	s4			r8			r8			r8				r8	r8	r8						r8	r8	r8																																											r8	r8	r8	r8	r8	r8	r8	r8			3			5																																																																			
2	acc																																																																																																																																																			
3	r1	r1			r1			r1			r1				r1	r1	r1						r1	r1	r1																																											r1	r1	r1	r1	r1	r1	r1	r1																																																																									
4					s8																																																																										7	6																																																																				
5	r0				r20			s11			r20				s22	s18	s20						r20	r20	r20																																											s21	r20	r20	r20	r20	r20	r20	s16							19	14				12	15							10	13			17																																				9													
6			s24	s23																																																																																																																																																
7	r3	r3			r3			r3			r3				r3	r3	r3						r3	r3	r3																																											r3	r3	r3	r3	r3	r3	r3	r3																																																																									
8			r6	r6		r6	r6		r6	r6			r6	r6				r6	r6		r6	r6													r6				r6	r6	r6	r6	r6	r6	r6	r6	r6	r6	r6	r6	r6	r6	r6	r6	r6					r6				r6	r6	r6	r6																																																																																	
9	r11				r11			r11			r11				r11	r11	r11						r11	r11	r11																																											r11	r11	r11	r11	r11	r11	r11	r11																																																																									
10	r12				r12			r12			r12				r12	r12	r12						r12	r12	r12																																											r12	r12	r12	r12	r12	r12	r12	r12																																																																									
11					r21						r21				r21	r21							r21	r21	r21																																												r21	r21	r21	r21	r21	r21																																																																										
12					s35						s32				s40	s33							s41	s39	s27																																												s25	s29	s28	s37	s34	s31																										36					30																																26					38						
13	r39				r39			r39			r39				r39	r39	r39						r39	r39	r39																																											r39	r39	r39	r39	r39	r39	r39	r39																																																																									
14	r10				r10			r10			r10				r10	r10	r10						r10	r10	r10																																											r10	r10	r10	r10	r10	r10	r10	r10																																																																									
15	r9				r9			r9			r9				r9	r9	r9						r9	r9	r9																																											r9	r9	r9	r9	r9	r9	r9	r9																																																																									
16					r20			s11			r20				r20	r20							r20	r20	r20																																												r20	r20	r20	r20	r20	r20													43																																																								44		42			
17	r13				r13			r13			r13				r13	r13	r13						r13	r13	r13																																											r13	r13	r13	r13	r13	r13	r13	r13																																																																									
18					s8																																																																											45																																																																				
19	r7				r7			r7			r7				r7	r7	r7						r7	r7	r7																																											r7	r7	r7	r7	r7	r7	r7	r7																																																																									
20					s35						s32				s40	s33							s41	s39	s27																																												s25	s29	s28	s37	s34	s31																										46					30																																26					38						
21					s35						s32				s40	s33							s41	s39	s27																																												s25	s29	s28	s37	s34	s31																										47					30																																26					38						
22					s8																																																																											48																																																																				
23	r5	r5			r5			r5			r5				r5	r5	r5						r5	r5	r5																																											r5	r5	r5	r5	r5	r5	r5	r5																																																																									
24					s8																																																																										49	6																																																																				
25					r153	r153			r153	r153								r153			r153																																																																																																																															
26					r154	r154			r154	r154								r154			r154																																																																																																																															
27					r53	r53			r53	r53								r53			r53																																																																																																																															
28					r156	r156			r156	r156								r156			r156																																																																																																																															
29					r155	r155			r155	r155								r155			r155																																																																																																																															
30					r41	r41			r41	r41								r41			r41																																																																																50																																															
31					r160	r160			r160	r160								r160			r160																																																																																																																															
32					r54	r54			r54	r54								r54			r54																																																																																																																															
33					s51																																																																																																																																															
34					r159	r159			r159	r159								r159			r159																																																																																																																															
35				r171	r171	r171			r171	r171								r171			r171																																																																																																																															
36					s8																																																																											52																																																																				
37					r157	r157			r157	r157								r157			r157																																																			s53																																																																												
38					r172	r172			r172	r172								r172			r172																																																																																																																															
39																																																																								s37	s34	s31																																																															54											
40					s55																																																																																																																																															
41																																																																								s37	s34	s31																																																															56											
42	r174				r174			r174			r174				r174	r174	r174						r174	r174	r174																																											r174	r174	r174	r174	r174	r174	r174	r174																																																																									
43					s35						s32				s40	s33							s41	s39	s27																																												s25	s29	s28	s37	s34	s31																										57					30																																26					38						
44	r173				r173			r173			r173				r173	r173	r173						r173	r173	r173																																											r173	r173	r173	r173	r173	r173	r173	r173																																																																									
45													s58																																																																																				59																																																			
46					s35																																																																																																																																									60						
47					s61																																																																																																																																															
48													s58																																																																																				62																																																			
49	r4	r4			r4			r4			r4				r4	r4	r4						r4	r4	r4																																											r4	r4	r4	r4	r4	r4	r4	r4																																																																									
50					r40	r40			s64	r40								s65			s63																																																																																																																															
51					r56	r56			r56	r56								r56			r56																																																																																																																															
52				r18		r18	s68		s66																																																																													67																																																														
53					r158	r158			r158	r158								r158			r158																																																																																																																															
54					r52	r52			r52	r52								r52			r52																																																																																																																															
55					r55	r55			r55	r55								r55			r55																																																																																																																															
56					r51	r51			r51	r51								r51			r51																																																																																																																															
57					s8																																																																											69																																																																				
58					r36						r36			r36	r36	r36							r36	r36	r36																																												r36	r36	r36	r36	r36	r36																								70																																																		
59				s71																																																																																																																																																
60				s72																																																																																																																																																
61							s73																																																																																																																																													
62				s74																																																																																																																																																
63					r44	r44			r44	r44								r44			r44																																																																																																																															
64					s35						s76				s40	s33							s41	s39	s27																																												s25	s29	s28	s37	s34	s31																										78		77	75		30																																26					38						
65																			s79	s80																																																																																																																																
66					s35						s82				s40	s33							s41	s39	s27																																												s25	s29	s28	s37	s34	s31															85	83	81									84					30																																26					38						
67				r15		r15																																																																														86																																																																
68					s113				s94				s89							s116	s106																													s117	s103			s87	s105	s100	s107	s104	s98		s109	s112	s96																																																									101	110	92	102	90	91	97	88	95	93	99	108	111	115	114														
69				r179		r179			s118																																																																																																																																									119		
70					s35						s32			s121	s40	s33							s41	s39	s27																																												s25	s29	s28	s37	s34	s31																										120					30																																26					38						
71	r34				r34			r34			r34				r34	r34	r34						r34	r34	r34																																											r34	r34	r34	r34	r34	r34	r34	r34																																																																									
72	r38				r38			r38			r38				r38	r38	r38						r38	r38	r38																																											r38	r38	r38	r38	r38	r38	r38	r38																																																																									
73					s113				s94											s116	s106																													s117	s103			s87	s105	s100	s107	s104	s98		s109	s112	s96																																																									122	110	92	102	90	91	97	88	95	93	99	108	111	115	114														
74	r33				r33			r33			r33				r33	r33	r33						r33	r33	r33																																											r33	r33	r33	r33	r33	r33	r33	r33																																																																									
75						s124				r28																																																																																		123																																																								
76						r54			r54	s125								r54			r54																																																																																																																															
77										s126																																																																																																																																										
78						r49				r49																																																																																																																																										
79					r42	r42			r42	r42								r42			r42																																																																																																																															
80																			s127																																																																																																																																	
81						r26				r26																																																																																																																																										
82					r54				r54	r24								r54			r54																																																																																																																															
83						s129				r28																																																																																		128																																																								
84					s8																																																																											130																																																																				
85										s131																																																																																																																																										
86				s132		s133																																																																															134																																																															
87					s113				s136											s116	s106																													s117	s103			s87	s105	s100	s107	s104	s98		s109	s112	s96																																																																			135	108	111	115	114														
88				r107		r107				r107				r107					r107																r107				r107	r107	r107	r107	r107	r107	r107	r107	r107	r107	r107	s138	s137																																																																																																	
89					s113	r168			s94					r168						s116	s106																													s117	s103			s87	s105	s100	s107	s104	s98		s109	s112	s96																																																									140	110	92	102	90	91	97	88	95	93	99	108	111	115	114							139							
90				r97		r97				r97				r97					r97																r97				r97	r97	r97	s142	s141																																																																																																									
91				r99		r99				r99				r99					r99																r99				r99	r99	r99	r99	r99	s143	s146	s145	s144																																																																																																					
92				r93		r93				r93				r93					r93																r93				s147	s148																																																																																																												
93				r113		r113	s152			r113				r113					r113		r113	s155													r113				r113	r113	r113	r113	r113	r113	r113	r113	r113	r113	r113	r113	r113	r113	r113											s151	s153	s154	s149																																					150																																												
94					s158				s94		s32				s40	s33				s116	s106		s41	s39	s27																									s117	s103			s87	s105	s100	s107	s104	s98		s109	s112	s96						s25	s29	s28	s37	s34	s31																										156					30															157	110	92	102	90	91	97	88	95	93	99	108	111	115	114			26					38						
95				r110		r110				r110				r110					r110		s159														r110				r110	r110	r110	r110	r110	r110	r110	r110	r110	r110	r110	r110	r110	s161	s160																																																																																															
96			r145	r145		r145	r145		r145	r145				r145				r145	r145		r145	r145													r145				r145	r145	r145	r145	r145	r145	r145	r145	r145	r145	r145	r145	r145	r145	r145	r145	r145					r145				r145	r145	r145	r145																																																																																	
97				r102		r102				r102				r102					r102																r102				r102	r102	r102	r102	r102	r102	r102	r102	r102	s162	s163																																																																																																			
98					r130				r130											r130	r130																													r130	r130			r130	r130	r130	r130	r130	r130		r130	r130	r130																																																																																					
99				r117		r117	r117			r117				r117					r117		r117	r117													r117				r117	r117	r117	r117	r117	r117	r117	r117	r117	r117	r117	r117	r117	r117	r117											r117	r117	r117	r117																																																																																	
100					s113				s165											s116	s106																													s117	s103			s87	s105	s100	s107	s104	s98		s109	s112	s96																																																																			164	108	111	115	114														
101				r19		r19																																																																																																																																														
102				r95		r95				r95				r95					r95																r95				r95	r95	s166																																																																																																											
103					r126				r126											r126	r126																													r126	r126			r126	r126	r126	r126	r126	r126		r126	r126	r126																																																																																					
104					r128				r128											r128	r128																													r128	r128			r128	r128	r128	r128	r128	r128		r128	r128	r128																																																																																					
105					s113				s136											s116	s106																													s117	s103			s87	s105	s100	s107	s104	s98		s109	s112	s96																																																																			167	108	111	115	114														
106					r129				r129											r129	r129																													r129	r129			r129	r129	r129	r129	r129	r129		r129	r129	r129																																																																																					
107					r127				r127											r127	r127																													r127	r127			r127	r127	r127	r127	r127	r127		r127	r127	r127																																																																																					
108					s113				s94											s116	s106																													s117	s103			s87	s105	s100	s107	s104	s98		s109	s112	s96																																																																		168	99	108	111	115	114														
109			r143	r143		r143	r143		r143	r143				r143				r143	r143		r143	r143													r143				r143	r143	r143	r143	r143	r143	r143	r143	r143	r143	r143	r143	r143	r143	r143	r143	r143					r143				r143	r143	r143	r143																																																																																	
110				r92		r92				r92				r92					r92																r92																																																																																																																	
111			s173	r119		r119	r119		s171	r119				r119				s172	r119		r119	r119													r119				r119	r119	r119	r119	r119	r119	r119	r119	r119	r119	r119	r119	r119	r119	r119	s169	s174					s170				r119	r119	r119	r119																																																																																	
112			r144	r144		r144	r144		r144	r144				r144				r144	r144		r144	r144													r144				r144	r144	r144	r144	r144	r144	r144	r144	r144	r144	r144	r144	r144	r144	r144	r144	r144					r144				r144	r144	r144	r144																																																																																	
113			r139	r139		r139	r139		r139	r139				r139				r139	r139		r139	r139													r139				r139	r139	r139	r139	r139	r139	r139	r139	r139	r139	r139	r139	r139	r139	r139	r139	r139					r139				r139	r139	r139	r139																																																																																	
114			r140	r140		r140	r140		r140	r140				r140				r140	r140		r140	r140													r140				r140	r140	r140	r140	r140	r140	r140	r140	r140	r140	r140	r140	r140	r140	r140	r140	r140					r140				r140	r140	r140	r140																																																																																	
115			r131	r131		r131	r131		r131	r131				r131				r131	r131		r131	r131													r131				r131	r131	r131	r131	r131	r131	r131	r131	r131	r131	r131	r131	r131	r131	r131	r131	r131					r131				r131	r131	r131	r131																																																																																	
116			r142	r142		r142	r142		r142	r142				r142				r142	r142		r142	r142													r142				r142	r142	r142	r142	r142	r142	r142	r142	r142	r142	r142	r142	r142	r142	r142	r142	r142					r142				r142	r142	r142	r142																																																																																	
117					r125				r125											r125	r125																													r125	r125			r125	r125	r125	r125	r125	r125		r125	r125	r125																																																																																					
118					s35						s32				s40	s33							s41	s39	s27																																												s25	s29	s28	s37	s34	s31																177	81									178		176	75		30																																26					38		175				
119				s179		s180																																																																																																																																													181	
120					s8																																																																											182																																																																				
121				r35																																																																																																																																																
122				s183																																																																																																																																																
123										r47																																																																																																																																										
124					s35						s32	s185			s40	s33							s41	s39	s27																																												s25	s29	s28	s37	s34	s31																										184					30																																26					38						
125					r46	r46			r46	r46								r46			r46																																																																																																																															
126					r45	r45			r45	r45								r45			r45																																																																																																																															
127					r43	r43			r43	r43								r43			r43																																																																																																																															
128										r23																																																																																																																																										
129					s35						s32	s185			s40	s33							s41	s39	s27																																												s25	s29	s28	s37	s34	s31																	186									84					30																																26					38						
130						r27				r27																																																																																																																																										
131													s187																																																																																188																																																							
132	r14			r14	r14			r14	r14		r14		r14	r14	r14	r14	r14			r14	r14		r14	r14	r14	r14		r14	r14	r14	r14	r14	r14	r14		r14	r14	r14												r14	r14			r14	r14	r14	r14	r14	r14		r14	r14	r14					r14	r14	r14	r14	r14	r14	r14	r14																																																																									
133					s8																																																																											189																																																																				
134				r16		r16																																																																																																																																														
135				r120		r120	r120			r120				r120					r120		r120	r120													r120				r120	r120	r120	r120	r120	r120	r120	r120	r120	r120	r120	r120	r120	r120	r120											r120	r120	r120	r120																																																																																	
136					s113				s94											s116	s106																													s117	s103			s87	s105	s100	s107	s104	s98		s109	s112	s96																																																									157	110	92	102	90	91	97	88	95	93	99	108	111	115	114														
137					s113				s94											s116	s106																													s117	s103			s87	s105	s100	s107	s104	s98		s109	s112	s96																																																																	191	190	99	108	111	115	114														
138					s113				s94											s116	s106																													s117	s103			s87	s105	s100	s107	s104	s98		s109	s112	s96																																																																	192	190	99	108	111	115	114														
139						s193								s194																																																																																																																																						
140						r169								r169																																																																																																																																						
141					s113				s94											s116	s106																													s117	s103			s87	s105	s100	s107	s104	s98		s109	s112	s96																																																														195	97	88	95	190	99	108	111	115	114														
142					s113				s94											s116	s106																													s117	s103			s87	s105	s100	s107	s104	s98		s109	s112	s96																																																														196	97	88	95	190	99	108	111	115	114														
143					s113				s94											s116	s106																													s117	s103			s87	s105	s100	s107	s104	s98		s109	s112	s96																																																															197	88	95	190	99	108	111	115	114														
144					s113				s94											s116	s106																													s117	s103			s87	s105	s100	s107	s104	s98		s109	s112	s96																																																															198	88	95	190	99	108	111	115	114														
145					s113				s94											s116	s106																													s117	s103			s87	s105	s100	s107	s104	s98		s109	s112	s96																																																															199	88	95	190	99	108	111	115	114														
146					s113				s94											s116	s106																													s117	s103			s87	s105	s100	s107	s104	s98		s109	s112	s96																																																															200	88	95	190	99	108	111	115	114														
147					s113				s94											s116	s106																													s117	s103			s87	s105	s100	s107	s104	s98		s109	s112	s96																																																									201	110	92	102	90	91	97	88	95	93	99	108	111	115	114														
148					s113				s94											s116	s106																													s117	s103			s87	s105	s100	s107	s104	s98		s109	s112	s96																																																												202	90	91	97	88	95	190	99	108	111	115	114														
149					r149				r149											r149	r149																													r149	r149			r149	r149	r149	r149	r149	r149		r149	r149	r149																																																																																					
150					s113				s94											s116	s106																													s117	s103			s87	s105	s100	s107	s104	s98		s109	s112	s96																																																									203	110	92	102	90	91	97	88	95	93	99	108	111	115	114														
151					r146				r146											r146	r146																													r146	r146			r146	r146	r146	r146	r146	r146		r146	r146	r146																																																																																					
152					s113				s94											s116	s106																													s117	s103			s87	s105	s100	s107	s104	s98		s109	s112	s96																																																									204	110	92	102	90	91	97	88	95	93	99	108	111	115	114														
153					r147				r147											r147	r147																													r147	r147			r147	r147	r147	r147	r147	r147		r147	r147	r147																																																																																					
154					r148				r148											r148	r148																													r148	r148			r148	r148	r148	r148	r148	r148		r148	r148	r148																																																																																					
155					r50				r50											r50	r50																													r50	r50			r50	r50	r50	r50	r50	r50		r50	r50	r50																																																																																					
156										s205																																																																																																																																										
157										s206																																																																																																																																										
158			r139				r139		r171	r171								r171			r171	r139																	r139	r139	r139	r139	r139	r139	r139	r139	r139	r139	r139	r139	r139	r139	r139	r139	r139					r139				r139	r139	r139	r139																																																																																	
159					s113				s94											s116	s106																													s117	s103			s87	s105	s100	s107	s104	s98		s109	s112	s96																																																																		207	99	108	111	115	114														
160					s113				s94											s116	s106																													s117	s103			s87	s105	s100	s107	s104	s98		s109	s112	s96																																																																		208	99	108	111	115	114														
161					s113				s94											s116	s106																													s117	s103			s87	s105	s100	s107	s104	s98		s109	s112	s96																																																																		209	99	108	111	115	114														
162					s113				s94											s116	s106																													s117	s103			s87	s105	s100	s107	s104	s98		s109	s112	s96																																																																210	95	190	99	108	111	115	114														
163					s113				s94											s116	s106																													s117	s103			s87	s105	s100	s107	s104	s98		s109	s112	s96																																																																211	95	190	99	108	111	115	114														
164				r123		r123	r123			r123				r123					r123		r123	r123													r123				r123	r123	r123	r123	r123	r123	r123	r123	r123	r123	r123	r123	r123	r123	r123											r123	r123	r123	r123																																																																																	
165					s158				s94		s32				s40	s33				s116	s106		s41	s39	s27																									s117	s103			s87	s105	s100	s107	s104	s98		s109	s112	s96						s25	s29	s28	s37	s34	s31																										212					30															157	110	92	102	90	91	97	88	95	93	99	108	111	115	114			26					38						
166					s113				s94											s116	s106																													s117	s103			s87	s105	s100	s107	s104	s98		s109	s112	s96																																																													213	91	97	88	95	190	99	108	111	115	114														
167				r121		r121	r121			r121				r121					r121		r121	r121													r121				r121	r121	r121	r121	r121	r121	r121	r121	r121	r121	r121	r121	r121	r121	r121											r121	r121	r121	r121																																																																																	
168				r122		r122	r122			r122				r122					r122		r122	r122													r122				r122	r122	r122	r122	r122	r122	r122	r122	r122	r122	r122	r122	r122	r122	r122											r122	r122	r122	r122																																																																																	
169			r137	r137		r137	r137		r137	r137				r137				r137	r137		r137	r137													r137				r137	r137	r137	r137	r137	r137	r137	r137	r137	r137	r137	r137	r137	r137	r137	r137	r137					r137				r137	r137	r137	r137																																																																																	
170					s8																																																																											214																																																																				
171					s113				s94	s215										s116	s106																													s117	s103			s87	s105	s100	s107	s104	s98		s109	s112	s96																																																									217	110	92	102	90	91	97	88	95	93	99	108	111	115	114		216												
172					s113				s94											s116	s106																													s117	s103			s87	s105	s100	s107	s104	s98		s109	s112	s96																																																									218	110	92	102	90	91	97	88	95	93	99	108	111	115	114														
173					s8																																																																											219																																																																				
174			r138	r138		r138	r138		r138	r138				r138				r138	r138		r138	r138													r138				r138	r138	r138	r138	r138	r138	r138	r138	r138	r138	r138	r138	r138	r138	r138	r138	r138					r138				r138	r138	r138	r138																																																																																	
175										s220																																																																																																																																										
176										r177																																																																																																																																										
177						s129				r28																																																																																		221																																																								
178					s8	r49				r49																																																																						130																																																																				
179	r178				r178			r178			r178				r178	r178	r178						r178	r178	r178																																											r178	r178	r178	r178	r178	r178	r178	r178																																																																									
180					s8																																																																											222																																																																				
181				r180		r180																																																																																																																																														
182				s223																																																																																																																																																
183	r150				r150			r150			r150				r150	r150	r150						r150	r150	r150																																											r150	r150	r150	r150	r150	r150	r150	r150																																																																									
184						r48				r48																																																																																																																																										
185										r29																																																																																																																																										
186						r25				r25																																																																																																																																										
187				r31	r31			r31	r31		r31		r31	r31	r31	r31				r31	r31		r31	r31	r31	r31		r31	r31	r31	r31	r31	r31	r31		r31	r31	r31												r31	r31			r31	r31	r31	r31	r31	r31		r31	r31	r31						r31	r31	r31	r31	r31	r31																				224																																																						
188	r22				r22			r22			r22				r22	r22	r22						r22	r22	r22																																											r22	r22	r22	r22	r22	r22	r22	r22																																																																									
189				r18		r18	s68																																																																															225																																																														
190				r113		r113				r113				r113					r113		r113														r113				r113	r113	r113	r113	r113	r113	r113	r113	r113	r113	r113	r113	r113	r113	r113																																																																																															
191				r112		r112				r112				r112					r112		s159														r112				r112	r112	r112	r112	r112	r112	r112	r112	r112	r112	r112	r112	r112	s161	s160																																																																																															
192				r111		r111				r111				r111					r111		s159														r111				r111	r111	r111	r111	r111	r111	r111	r111	r111	r111	r111	r111	r111	s161	s160																																																																																															
193					s113				s94											s116	s106																													s117	s103			s87	s105	s100	s107	s104	s98		s109	s112	s96																																																									226	110	92	102	90	91	97	88	95	93	99	108	111	115	114														
194				r167		r167																																																																																																																																														
195				r101		r101				r101				r101					r101																r101				r101	r101	r101	r101	r101	s143	s146	s145	s144																																																																																																					
196				r100		r100				r100				r100					r100																r100				r100	r100	r100	r100	r100	s143	s146	s145	s144																																																																																																					
197				r103		r103				r103				r103					r103																r103				r103	r103	r103	r103	r103	r103	r103	r103	r103	s162	s163																																																																																																			
198				r106		r106				r106				r106					r106																r106				r106	r106	r106	r106	r106	r106	r106	r106	r106	s162	s163																																																																																																			
199				r105		r105				r105				r105					r105																r105				r105	r105	r105	r105	r105	r105	r105	r105	r105	s162	s163																																																																																																			
200				r104		r104				r104				r104					r104																r104				r104	r104	r104	r104	r104	r104	r104	r104	r104	s162	s163																																																																																																			
201																																			s227																																																																																																																	
202				r96		r96				r96				r96					r96																r96				r96	r96	s166																																																																																																											
203				r91		r91				r91				r91					r91																r91																																																																																																																	
204				r90		r90				r90				r90					r90																r90																																																																																																																	
205					s113				s136											s116	s106																													s117	s103			s87	s105	s100	s107	s104	s98		s109	s112	s96																																																																			228	108	111	115	114														
206			r141	r141		r141	r141		r141	r141				r141				r141	r141		r141	r141													r141				r141	r141	r141	r141	r141	r141	r141	r141	r141	r141	r141	r141	r141	r141	r141	r141	r141					r141				r141	r141	r141	r141																																																																																	
207				r114		r114				r114				r114					r114		r114														r114				r114	r114	r114	r114	r114	r114	r114	r114	r114	r114	r114	r114	r114	r114	r114																																																																																															
208				r116		r116				r116				r116					r116		r116														r116				r116	r116	r116	r116	r116	r116	r116	r116	r116	r116	r116	r116	r116	r116	r116																																																																																															
209				r115		r115				r115				r115					r115		r115														r115				r115	r115	r115	r115	r115	r115	r115	r115	r115	r115	r115	r115	r115	r115	r115																																																																																															
210				r108		r108				r108				r108					r108																r108				r108	r108	r108	r108	r108	r108	r108	r108	r108	r108	r108	s138	s137																																																																																																	
211				r109		r109				r109				r109					r109																r109				r109	r109	r109	r109	r109	r109	r109	r109	r109	r109	r109	s138	s137																																																																																																	
212										s229																																																																																																																																										
213				r98		r98				r98				r98					r98																r98				r98	r98	r98	s142	s141																																																																																																									
214			r136	r136		r136	r136		r136	r136				r136				r136	r136		r136	r136													r136				r136	r136	r136	r136	r136	r136	r136	r136	r136	r136	r136	r136	r136	r136	r136	r136	r136					r136				r136	r136	r136	r136																																																																																	
215			r133	r133		r133	r133		r133	r133				r133				r133	r133		r133	r133													r133				r133	r133	r133	r133	r133	r133	r133	r133	r133	r133	r133	r133	r133	r133	r133	r133	r133					r133				r133	r133	r133	r133																																																																																	
216						s230				s231																																																																																																																																										
217						r151				r151																																																																																																																																										
218																			s232																																																																																																																																	
219			r135	r135		r135	r135		r135	r135				r135				r135	r135		r135	r135													r135				r135	r135	r135	r135	r135	r135	r135	r135	r135	r135	r135	r135	r135	r135	r135	r135	r135					r135				r135	r135	r135	r135																																																																																	
220				s233																																																																																																																																																
221										r176																																																																																																																																										
222				r181		r181																																																																																																																																														
223					r37						r37			r37	r37	r37							r37	r37	r37																																												r37	r37	r37	r37	r37	r37																																																																										
224				s255	s263			s11	s94		r20		s187	s262	r20	r20				s116	s106		r20	r20	r20	s242		s236	s260	s252	s245	s256	s240	s243		s259	s258	s249												s117	s103			s87	s105	s100	s107	s104	s98		s109	s112	s96						r20	r20	r20	r20	r20	r20									247				235						261														234	251	248	241	246		244	257	250	253	239	238		254	110	92	102	90	91	97	88	95	93	99	108	111	115	114				237										
225				r17		r17																																																																																																																																														
226						r170								r170																																																																																																																																						
227					s113				s94											s116	s106																													s117	s103			s87	s105	s100	s107	s104	s98		s109	s112	s96																																																										264	92	102	90	91	97	88	95	190	99	108	111	115	114														
228				r118		r118	r118			r118				r118					r118		r118	r118													r118				r118	r118	r118	r118	r118	r118	r118	r118	r118	r118	r118	r118	r118	r118	r118											r118	r118	r118	r118																																																																																	
229				r124		r124	r124			r124				r124					r124		r124	r124													r124				r124	r124	r124	r124	r124	r124	r124	r124	r124	r124	r124	r124	r124	r124	r124											r124	r124	r124	r124																																																																																	
230					s113				s94											s116	s106																													s117	s103			s87	s105	s100	s107	s104	s98		s109	s112	s96																																																									265	110	92	102	90	91	97	88	95	93	99	108	111	115	114														
231			r134	r134		r134	r134		r134	r134				r134				r134	r134		r134	r134													r134				r134	r134	r134	r134	r134	r134	r134	r134	r134	r134	r134	r134	r134	r134	r134	r134	r134					r134				r134	r134	r134	r134																																																																																	
232			r132	r132		r132	r132		r132	r132				r132				r132	r132		r132	r132													r132				r132	r132	r132	r132	r132	r132	r132	r132	r132	r132	r132	r132	r132	r132	r132	r132	r132					r132				r132	r132	r132	r132																																																																																	
233	r175				r175			r175			r175				r175	r175	r175						r175	r175	r175																																											r175	r175	r175	r175	r175	r175	r175	r175																																																																									
234				r162	r162			r162	r162		r162		r162	r162	r162	r162				r162	r162		r162	r162	r162	r162		r162	r162	r162	r162	r162	r162	r162		r162	r162	r162												r162	r162			r162	r162	r162	r162	r162	r162		r162	r162	r162						r162	r162	r162	r162	r162	r162																																																																										
235					s35						s32				s40	s33							s41	s39	s27																																												s25	s29	s28	s37	s34	s31																										266					30																																26					38						
236									s267																																																																																																																																											
237				r32	r32			r32	r32		r32		r32	r32	r32	r32				r32	r32		r32	r32	r32	r32		r32	r32	r32	r32	r32	r32	r32		r32	r32	r32												r32	r32			r32	r32	r32	r32	r32	r32		r32	r32	r32						r32	r32	r32	r32	r32	r32																																																																										
238				r67	r67			r67	r67		r67		r67	r67	r67	r67				r67	r67		r67	r67	r67	r67	r67	r67	r67	r67	r67	r67	r67	r67		r67	r67	r67												r67	r67			r67	r67	r67	r67	r67	r67		r67	r67	r67						r67	r67	r67	r67	r67	r67																																																																										
239				r61	r61			r61	r61		r61		r61	r61	r61	r61				r61	r61		r61	r61	r61	r61	r61	r61	r61	r61	r61	r61	r61	r61		r61	r61	r61												r61	r61			r61	r61	r61	r61	r61	r61		r61	r61	r61						r61	r61	r61	r61	r61	r61																																																																										
240				s268																																																																																																																																																
241				r65	r65			r65	r65		r65		r65	r65	r65	r65				r65	r65		r65	r65	r65	r65	r65	r65	r65	r65	r65	r65	r65	r65		r65	r65	r65												r65	r65			r65	r65	r65	r65	r65	r65		r65	r65	r65						r65	r65	r65	r65	r65	r65																																																																										
242									s269																																																																																																																																											
243				s271	s113				s94											s116	s106																													s117	s103			s87	s105	s100	s107	s104	s98		s109	s112	s96																																																									270	110	92	102	90	91	97	88	95	93	99	108	111	115	114														
244				r69	r69			r69	r69		r69		r69	r69	r69	r69				r69	r69		r69	r69	r69	r69	r69	r69	r69	r69	r69	r69	r69	r69		r69	r69	r69												r69	r69			r69	r69	r69	r69	r69	r69		r69	r69	r69						r69	r69	r69	r69	r69	r69																																																																										
245				s272																																																																																																																																																
246				r66	r66			r66	r66		r66		r66	r66	r66	r66				r66	r66		r66	r66	r66	r66	r66	r66	r66	r66	r66	r66	r66	r66		r66	r66	r66												r66	r66			r66	r66	r66	r66	r66	r66		r66	r66	r66						r66	r66	r66	r66	r66	r66																																																																										
247				r161	r161			r161	r161		r161		r161	r161	r161	r161				r161	r161		r161	r161	r161	r161		r161	r161	r161	r161	r161	r161	r161		r161	r161	r161												r161	r161			r161	r161	r161	r161	r161	r161		r161	r161	r161						r161	r161	r161	r161	r161	r161																																																																										
248				r64	r64			r64	r64		r64		r64	r64	r64	r64				r64	r64		r64	r64	r64	r64	r64	r64	r64	r64	r64	r64	r64	r64		r64	r64	r64												r64	r64			r64	r64	r64	r64	r64	r64		r64	r64	r64						r64	r64	r64	r64	r64	r64																																																																										
249									s273																																																																																																																																											
250				r70	r70			r70	r70		r70		r70	r70	r70	r70				r70	r70		r70	r70	r70	r70	r70	r70	r70	r70	r70	r70	r70	r70		r70	r70	r70												r70	r70			r70	r70	r70	r70	r70	r70		r70	r70	r70						r70	r70	r70	r70	r70	r70																																																																										
251				r63	r63			r63	r63		r63		r63	r63	r63	r63				r63	r63		r63	r63	r63	r63	r63	r63	r63	r63	r63	r63	r63	r63		r63	r63	r63												r63	r63			r63	r63	r63	r63	r63	r63		r63	r63	r63						r63	r63	r63	r63	r63	r63																																																																										
252									s274																																																																																																																																											
253				r71	r71			r71	r71		r71		r71	r71	r71	r71				r71	r71		r71	r71	r71	r71	r71	r71	r71	r71	r71	r71	r71	r71		r71	r71	r71												r71	r71			r71	r71	r71	r71	r71	r71		r71	r71	r71						r71	r71	r71	r71	r71	r71																																																																										
254				s275																																																																																																																																																
255				r59	r59			r59	r59		r59		r59	r59	r59	r59				r59	r59		r59	r59	r59	r59	r59	r59	r59	r59	r59	r59	r59	r59		r59	r59	r59												r59	r59			r59	r59	r59	r59	r59	r59		r59	r59	r59						r59	r59	r59	r59	r59	r59																																																																										
256					s276																																																																																																																																															
257				r68	r68			r68	r68		r68		r68	r68	r68	r68				r68	r68		r68	r68	r68	r68	r68	r68	r68	r68	r68	r68	r68	r68		r68	r68	r68												r68	r68			r68	r68	r68	r68	r68	r68		r68	r68	r68						r68	r68	r68	r68	r68	r68																																																																										
258																																			s277																																																																																																																	
259																				s278																																																																																																																																
260				s255	s263				s94				s187							s116	s106					s242		s236	s260	s252	s245	s256	s240	s243		s259	s258	s249												s117	s103			s87	s105	s100	s107	s104	s98		s109	s112	s96																														261														279	251	248	241	246		244	257	250	253	239	238		254	110	92	102	90	91	97	88	95	93	99	108	111	115	114														
261				r60	r60			r60	r60		r60		r60	r60	r60	r60				r60	r60		r60	r60	r60	r60	r60	r60	r60	r60	r60	r60	r60	r60		r60	r60	r60												r60	r60			r60	r60	r60	r60	r60	r60		r60	r60	r60						r60	r60	r60	r60	r60	r60																																																																										
262	r30			r30	r30			r30	r30		r30		r30	r30	r30	r30	r30			r30	r30		r30	r30	r30	r30	r30	r30	r30	r30	r30	r30	r30	r30		r30	r30	r30												r30	r30			r30	r30	r30	r30	r30	r30		r30	r30	r30					r30	r30	r30	r30	r30	r30	r30	r30																																																																									
263			r139	r139			r139		r139									r139			r139	r139													s280				r139	r139	r139	r139	r139	r139	r139	r139	r139	r139	r139	r139	r139	r139	r139	r139	r139					r139				r139	r139	r139	r139																																																																																	
264				r94		r94				r94				r94					r94																r94																																																																																																																	
265						r152				r152																																																																																																																																										
266					s8																																																																											281																																																																				
267					s113				s94											s116	s106																													s117	s103			s87	s105	s100	s107	s104	s98		s109	s112	s96																																																									282	110	92	102	90	91	97	88	95	93	99	108	111	115	114														
268				r81	r81			r81	r81		r81		r81	r81	r81	r81				r81	r81		r81	r81	r81	r81	r81	r81	r81	r81	r81	r81	r81	r81		r81	r81	r81												r81	r81			r81	r81	r81	r81	r81	r81		r81	r81	r81						r81	r81	r81	r81	r81	r81																																																																										
269					s113				s94											s116	s106																													s117	s103			s87	s105	s100	s107	s104	s98		s109	s112	s96																																																									283	110	92	102	90	91	97	88	95	93	99	108	111	115	114														
270				s284																																																																																																																																																
271				r82	r82			r82	r82		r82		r82	r82	r82	r82				r82	r82		r82	r82	r82	r82	r82	r82	r82	r82	r82	r82	r82	r82		r82	r82	r82												r82	r82			r82	r82	r82	r82	r82	r82		r82	r82	r82						r82	r82	r82	r82	r82	r82																																																																										
272				r79	r79			r79	r79		r79		r79	r79	r79	r79				r79	r79		r79	r79	r79	r79	r79	r79	r79	r79	r79	r79	r79	r79		r79	r79	r79												r79	r79			r79	r79	r79	r79	r79	r79		r79	r79	r79						r79	r79	r79	r79	r79	r79																																																																										
273					s113				s94											s116	s106																													s117	s103			s87	s105	s100	s107	s104	s98		s109	s112	s96																																																									285	110	92	102	90	91	97	88	95	93	99	108	111	115	114														
274				r77	s113	r77		s11	s94		r20				r20	r20				s116	s106		r20	r20	r20																									s117	s103			s87	s105	s100	s107	s104	s98		s109	s112	s96						r20	r20	r20	r20	r20	r20									286				235																									287								288	110	92	102	90	91	97	88	95	93	99	108	111	115	114					290	289								
275				r62	r62			r62	r62		r62		r62	r62	r62	r62				r62	r62		r62	r62	r62	r62	r62	r62	r62	r62	r62	r62	r62	r62		r62	r62	r62												r62	r62			r62	r62	r62	r62	r62	r62		r62	r62	r62						r62	r62	r62	r62	r62	r62																																																																										
276				s291																																																																																																																																																
277				r86	r86			r86	r86		r86		r86	r86	r86	r86				r86	r86		r86	r86	r86	r86	r86	r86	r86	r86	r86	r86	r86	r86		r86	r86	r86												r86	r86			r86	r86	r86	r86	r86	r86		r86	r86	r86						r86	r86	r86	r86	r86	r86																																																																										
278																																			s292																																																																																																																	
279																												s293																																																																																																																								
280				s255	s263				s94				s187							s116	s106					s242		s236	s260	s252	s245	s256	s240	s243		s259	s258	s249												s117	s103			s87	s105	s100	s107	s104	s98		s109	s112	s96																														261														294	251	248	241	246		244	257	250	253	239	238		254	110	92	102	90	91	97	88	95	93	99	108	111	115	114														
281				r18		r18	s68																																																																															67																																																														
282										s295																																																																																																																																										
283										s296																																																																																																																																										
284				r83	r83			r83	r83		r83		r83	r83	r83	r83				r83	r83		r83	r83	r83	r83	r83	r83	r83	r83	r83	r83	r83	r83		r83	r83	r83												r83	r83			r83	r83	r83	r83	r83	r83		r83	r83	r83						r83	r83	r83	r83	r83	r83																																																																										
285										s297																																																																																																																																										
286				r163	r163				r163											r163	r163																													r163	r163			r163	r163	r163	r163	r163	r163		r163	r163	r163																																																																																					
287				r165		r165				r165																																																																																																																																										
288				r78		r78				r78																																																																																																																																										
289				s298		s299																																																																																																																																														
290				r77	s113				s94											s116	s106																													s117	s103			s87	s105	s100	s107	s104	s98		s109	s112	s96																																																	300								288	110	92	102	90	91	97	88	95	93	99	108	111	115	114														
291				r80	r80			r80	r80		r80		r80	r80	r80	r80				r80	r80		r80	r80	r80	r80	r80	r80	r80	r80	r80	r80	r80	r80		r80	r80	r80												r80	r80			r80	r80	r80	r80	r80	r80		r80	r80	r80						r80	r80	r80	r80	r80	r80																																																																										
292				s255	s263				s94				s187							s116	s106					s242		s236	s260	s252	s245	s256	s240	s243		s259	s258	s249												s117	s103			s87	s105	s100	s107	s104	s98		s109	s112	s96																														261														301	251	248	241	246		244	257	250	253	239	238		254	110	92	102	90	91	97	88	95	93	99	108	111	115	114														
293									s302																																																																																																																																											
294				r84	r84			r84	r84		r84		r84	r84	r84	r84				r84	r84		r84	r84	r84	r84	r84	r84	r84	r84	r84	r84	r84	r84		r84	r84	r84												r84	r84			r84	r84	r84	r84	r84	r84		r84	r84	r84						r84	r84	r84	r84	r84	r84																																																																										
295				s255	s263				s94				s187							s116	s106					s242		s236	s260	s252	s245	s256	s240	s243		s259	s258	s249												s117	s103			s87	s105	s100	s107	s104	s98		s109	s112	s96																														261														303	251	248	241	246		244	257	250	253	239	238		254	110	92	102	90	91	97	88	95	93	99	108	111	115	114														
296				s255	s263				s94				s187							s116	s106					s242		s236	s260	s252	s245	s256	s240	s243		s259	s258	s249												s117	s103			s87	s105	s100	s107	s104	s98		s109	s112	s96																														261														304	251	248	241	246		244	257	250	253	239	238		254	110	92	102	90	91	97	88	95	93	99	108	111	115	114														
297													s305																																																																																																																																							
298				r164	r164				r164											r164	r164																													r164	r164			r164	r164	r164	r164	r164	r164		r164	r164	r164																																																																																					
299				r77	s113	r77			s94	r77										s116	s106																													s117	s103			s87	s105	s100	s107	s104	s98		s109	s112	s96																																																	306								288	110	92	102	90	91	97	88	95	93	99	108	111	115	114														
300				s307																																																																																																																																																
301				r85	r85			r85	r85		r85		r85	r85	r85	r85				r85	r85		r85	r85	r85	r85	r85	r85	r85	r85	r85	r85	r85	r85		r85	r85	r85												r85	r85			r85	r85	r85	r85	r85	r85		r85	r85	r85						r85	r85	r85	r85	r85	r85																																																																										
302					s113				s94											s116	s106																													s117	s103			s87	s105	s100	s107	s104	s98		s109	s112	s96																																																									308	110	92	102	90	91	97	88	95	93	99	108	111	115	114														
303				r74	r74			r74	r74		r74		r74	r74	r74	r74				r74	r74		r74	r74	r74	r74	r74	r74	r74	r74	r74	r74	r74	r74		r74	r74	r74												r74	r74			r74	r74	r74	r74	r74	r74		r74	r74	r74						r74	r74	r74	r74	r74	r74																																																																										
304				r72	r72			r72	r72		r72		r72	r72	r72	r72				r72	r72		r72	r72	r72	r72	s309	r72	r72	r72	r72	r72	r72	r72		r72	r72	r72												r72	r72			r72	r72	r72	r72	r72	r72		r72	r72	r72						r72	r72	r72	r72	r72	r72																																																																										
305					s311																															s259	s258																																																																																312		310																													
306				r166		r166				r166																																																																																																																																										
307					s113	r77			s94	r77										s116	s106																													s117	s103			s87	s105	s100	s107	s104	s98		s109	s112	s96																																																	287								288	110	92	102	90	91	97	88	95	93	99	108	111	115	114						313								
308										s314																																																																																																																																										
309				s255	s263				s94				s187							s116	s106					s242		s236	s260	s252	s245	s256	s240	s243		s259	s258	s249												s117	s103			s87	s105	s100	s107	s104	s98		s109	s112	s96																														261														315	251	248	241	246		244	257	250	253	239	238		254	110	92	102	90	91	97	88	95	93	99	108	111	115	114														
310					s311									s316																						s259	s258																																																																																317																															
311																																			s280																																																																																																																	
312					r89									r89																						r89	r89																																																																																																															
313						s299				s318																																																																																																																																										
314				s319																																																																																																																																																
315				r73	r73			r73	r73		r73		r73	r73	r73	r73				r73	r73		r73	r73	r73	r73	r73	r73	r73	r73	r73	r73	r73	r73		r73	r73	r73												r73	r73			r73	r73	r73	r73	r73	r73		r73	r73	r73						r73	r73	r73	r73	r73	r73																																																																										
316				r87	r87			r87	r87		r87		r87	r87	r87	r87				r87	r87		r87	r87	r87	r87	r87	r87	r87	r87	r87	r87	r87	r87		r87	r87	r87												r87	r87			r87	r87	r87	r87	r87	r87		r87	r87	r87						r87	r87	r87	r87	r87	r87																																																																										
317					r88									r88																						r88	r88																																																																																																															
318				s255	s263				s94				s187							s116	s106					s242		s236	s260	s252	s245	s256	s240	s243		s259	s258	s249												s117	s103			s87	s105	s100	s107	s104	s98		s109	s112	s96																														261														320	251	248	241	246		244	257	250	253	239	238		254	110	92	102	90	91	97	88	95	93	99	108	111	115	114														
319				r75	r75			r75	r75		r75		r75	r75	r75	r75				r75	r75		r75	r75	r75	r75	r75	r75	r75	r75	r75	r75	r75	r75		r75	r75	r75												r75	r75			r75	r75	r75	r75	r75	r75		r75	r75	r75						r75	r75	r75	r75	r75	r75																																																																										
320				r76	r76			r76	r76		r76		r76	r76	r76	r76				r76	r76		r76	r76	r76	r76	r76	r76	r76	r76	r76	r76	r76	r76		r76	r76	r76												r76	r76			r76	r76	r76	r76	r76	r76		r76	r76	r76						r76	r76	r76	r76	r76	r76																																																																										
